{
    "version": "1.0.2",
    "download_url": "https://github.com/ibra-media/app-detector/releases/download/v1.0.2/app-detector-1.0.2.zip",
    "requires": "5.0",
    "requires_php": "7.4",
    "tested": "6.4",
    "last_updated": "2025-01-15",
    "homepage": "https://fika.nu/app-detector",
    "sections": {
        "description": "Detects mobile devices and shows app store links or opens the app if installed. Now with translation support for English and Arabic.",
        "changelog": "<h4>Version 1.0.2</h4><ul><li>Added translation support for English and Arabic</li><li>Added RTL support for Arabic text</li><li>Improved mobile device detection</li><li>Enhanced popup user experience</li><li>Fixed update checker compatibility</li></ul>",
        "installation": "<ol><li>Upload the plugin files to the /wp-content/plugins/app-detector directory</li><li>Activate the plugin through the 'Plugins' menu in WordPress</li><li>Go to Settings > App Detector to configure your app URIs and store links</li><li>Select your preferred language (English or Arabic)</li></ol>"
    },
    "banners": {
        "high": "https://fika.nu/app-detector/banner-772x250.png",
        "low": "https://fika.nu/app-detector/banner-154x500.png"
    }
} 